era	seconds	run_started	run_pid	julia_threads	net_file	resolution_min	resolution_max	n_resolutions	n_runs_per_gamma	n_vertices	n_arcs	n_duplicate_arcs	n_self_loops	n_components	min_component_size	n_kept_vertices	n_kept_arcs	n_kept_components	giant_component_share	m	gamma_star	best_index	gamma_interior	n_dominant	n_communities_star	modularity_star	modularity_components	gain_over_components	penalty_share_star	modularity_min	modularity_max	modularity_range	n_communities_min	n_communities_max	n_communities_range
12	71.6	2026-09-22T13:08:16	88209	8	/workspace/caffeine_citation/pajek_files/Era12/era12.net	0.01	1.0	40	5	18256	17939	0	0	638	4	18110	17864	567	0.0608567046450482	17864.0	0.03538461538461538	2	true	34	568	0.9995814278259999	0.9995739185417328	7.509284267070981e-6	0.00036259366974579233	0.9938838721040838	0.9998795856748376	0.005995713570753791	567	589	22
13	80.9	2026-09-22T13:08:16	88209	8	/workspace/caffeine_citation/pajek_files/Era13/era13.net	0.01	1.0	40	5	21039	20720	0	0	621	4	20918	20660	560	0.18380151147868246	20660.0	0.06076923076923077	3	true	21	565	0.9988478502928564	0.9974281121241635	0.0014197381686928967	0.0008133307332810609	0.9924226423475455	0.9997161759468987	0.007293533599353141	562	595	33
14	95.8	2026-09-22T13:08:16	88209	8	/workspace/caffeine_citation/pajek_files/Era14/era14.net	0.01	1.0	40	5	22870	22739	0	0	607	4	22777	22698	555	0.11386095321381723	22698.0	0.06076923076923077	3	true	22	560	0.9991171829124774	0.9986263773569267	0.0004908055555506996	0.0006184766169965413	0.9928034205580799	0.9997988260090557	0.006995405450975767	556	589	33
15	102.9	2026-09-22T13:08:16	88209	8	/workspace/caffeine_citation/pajek_files/Era15/era15.net	0.01	1.0	40	5	23751	23608	0	1	599	4	23609	23535	530	0.17733990147783252	23535.0	0.03538461538461538	2	true	24	534	0.9993138839097383	0.9985315465323713	0.0007823373773669928	0.0005161564556748736	0.9929026777534006	0.9997296425156174	0.006826964762216781	532	573	41
16	158.4	2026-09-22T13:08:16	88209	8	/workspace/caffeine_citation/pajek_files/Era16/era16.net	0.01	1.0	40	5	29154	29360	0	0	504	4	29045	29306	449	0.5176991150442478	29306.0	0.03538461538461538	2	true	12	462	0.9976570618857643	0.9899470606440453	0.0077100012417190555	0.0011145207253050815	0.9896131048774631	0.9986369682361325	0.009023863358669337	455	536	81
17	232.2	2026-09-22T13:08:16	88209	8	/workspace/caffeine_citation/pajek_files/Era17/era17.net	0.01	1.0	40	5	34443	35694	0	0	358	4	34388	35667	330	0.7212496007897106	35667.0	0.03538461538461538	2	true	11	341	0.9933015594156613	0.9806233263764917	0.012678233039169595	0.0033339860465306124	0.977985979126778	0.9964163177667553	0.01843033863997734	335	432	97
18	177.3	2026-09-22T13:08:16	88209	8	/workspace/caffeine_citation/pajek_files/era18.net	0.01	1.0	40	5	29636	31162	0	0	350	4	29538	31117	297	0.7409906870022945	31117.0	0.03538461538461538	2	true	10	310	0.9912541080267001	0.9793738560389431	0.011880251987756996	0.00305768295572111	0.9736941743596692	0.9954915371135553	0.021797362753886107	303	399	96
19	115.2	2026-09-22T13:08:16	88209	8	/workspace/caffeine_citation/pajek_files/era19.net	0.01	1.0	40	5	25444	24705	0	0	1112	4	25129	24555	947	0.05356862128596133	24555.0	0.03538461538461538	2	true	31	948	0.9997715597281055	0.9997562575646549	1.530216345058122e-5	0.0001877153686161104	0.9963578286868093	0.999931116268272	0.003573287581462692	947	962	15
20	139.1	2026-09-22T13:08:16	88209	8	/workspace/caffeine_citation/pajek_files/era20.net	0.01	1.0	40	5	27764	27298	0	1	1010	4	27552	27192	904	0.047939778129952454	27192.0	0.13692307692307693	6	true	30	908	0.9992146894630528	0.9990910326705459	0.00012365679250692097	0.0006382084480975647	0.9959244344381267	0.9999336147456016	0.00400918030747488	904	919	15
21	214.5	2026-09-22T13:08:16	88209	8	/workspace/caffeine_citation/pajek_files/era21.net	0.01	1.0	40	5	34385	33972	0	1	888	4	34174	33862	786	0.361611167660317	33862.0	0.03538461538461538	2	true	20	797	0.9987686195053251	0.9949101930693772	0.003858426435947915	0.0005521530420731738	0.9933230245839233	0.9992948515273183	0.005971826943395042	791	854	63
22	354.5	2026-09-22T13:08:16	88209	8	/workspace/caffeine_citation/pajek_files/Era22/era22.net	0.01	1.0	40	5	43670	43987	0	0	676	4	43537	43922	608	0.5809480192351729	43922.0	0.03538461538461538	2	true	10	620	0.9964829211344353	0.9873524649838795	0.009130456150555744	0.0012858507794118977	0.9869431079188463	0.9977555037827893	0.010812395863943003	613	722	109
23	566.3	2026-09-22T13:08:16	88209	8	/workspace/caffeine_citation/pajek_files/Era23/era23.net	0.01	1.0	40	5	52474	56561	0	1	239	4	52436	56543	219	0.8833898692685902	56543.0	0.03538461538461538	2	true	6	229	0.9858555526145191	0.9716118912243474	0.014243661390171636	0.0058852464233812895	0.9576089452630674	0.9929477853459312	0.03533884008286381	222	349	127
