gamma	A	P	modularity	n_communities	dominant	selected
0.01	43861.0	3758.276285232913	0.9977555037827893	613	true	false
0.03538461538461538	43824.0	1596.0930285506126	0.9964829211344353	620	true	true
0.06076923076923077	43804.0	1149.3572924730202	0.9957232011624564	629	true	false
0.08615384615384615	43790.0	997.1209872045898	0.9950388004160012	633	false	false
0.11153846153846154	43789.0	966.5293930148898	0.9945174354189567	636	true	false
0.13692307692307693	43775.0	871.228883019899	0.9939371763724936	643	false	false
0.16230769230769232	43763.0	789.9329493192478	0.9934608580191745	647	false	false
0.18769230769230769	43749.0	713.2374208824734	0.993013315025319	651	false	false
0.21307692307692308	43736.0	612.7896726014296	0.9927924197911928	654	false	false
0.23846153846153847	43730.0	582.9272801784982	0.9924637827047365	658	true	false
0.26384615384615384	43727.0	577.2082783115522	0.9920929332862651	658	false	false
0.28923076923076924	43703.0	500.1060061017258	0.9917206401156202	657	false	false
0.31461538461538463	43715.0	527.4783024452439	0.9915087475752451	664	false	false
0.34	43684.0	436.6575292564091	0.9912011392935846	667	false	false
0.36538461538461536	43688.0	438.8720914348163	0.9910214218311564	667	true	false
0.39076923076923076	43668.0	389.3939255953736	0.9907526259102245	677	false	false
0.41615384615384615	43658.0	361.02317745093575	0.9905687085322414	676	false	false
0.44153846153846155	43653.0	349.0062383315878	0.990367021594184	680	false	false
0.46692307692307694	43651.0	344.53469787350303	0.9901673147571181	681	false	false
0.49230769230769234	43645.0	329.6017257866216	0.9899989648694812	689	false	false
0.5176923076923077	43641.0	327.56716451891987	0.9897413824205631	686	false	false
0.5430769230769231	43642.0	324.78466372205264	0.9896092378344168	689	false	false
0.5684615384615385	43639.0	316.64614543964296	0.9894585593783403	689	false	false
0.5938461538461538	43628.0	301.76139520058285	0.9892263593661692	692	false	false
0.6192307692307693	43633.0	306.4573106871272	0.989099590268358	692	false	false
0.6446153846153846	43621.0	286.3999134829926	0.9889436321118426	695	false	false
0.67	43623.0	288.30201265880424	0.988794628011443	697	false	false
0.6953846153846154	43621.0	284.50409817403573	0.9886425988597035	700	false	false
0.7207692307692307	43611.0	270.7670643413323	0.9884759216637916	701	false	false
0.7461538461538462	43608.0	264.1691179818769	0.9883632165334629	704	true	false
0.7715384615384615	43606.0	261.6622421565503	0.9882090413971092	707	false	false
0.796923076923077	43596.0	249.44508446792037	0.988051806742919	710	false	false
0.8223076923076923	43605.0	260.28464095441916	0.9879096110731214	706	true	false
0.8476923076923077	43591.0	243.39768225490636	0.9877663507363595	714	true	false
0.8730769230769231	43595.0	248.70331496744228	0.9876112853469604	711	false	false
0.8984615384615384	43588.0	240.1326670005919	0.9874834942528068	715	false	false
0.9238461538461539	43583.0	234.99938527389457	0.9873388443549588	718	false	false
0.9492307692307692	43579.0	230.34631847365782	0.9872125173472468	720	false	false
0.9746153846153847	43577.0	227.62888757342563	0.9870941529117083	722	true	false
1.0	43577.0	228.48481398843404	0.9869431079188463	722	false	false
