node_id,node_key,key_type,year_published,year_first_cited
313547,10.1002/14651858.cd000544.pub2,doi,2006,2004
289465,10.1002/14651858.cd000980.pub3,doi,2007,2006
119845,10.1002/14651858.cd001058,doi,2013,2010
119243,10.1002/14651858.cd001146.pub3,doi,2010,2007
313808,10.1002/14651858.cd005005.pub2,doi,2005,2004
123428,10.1002/14651858.cd005654.pub3,doi,2014,2013
146882,10.1002/14651858.cd006304.pub4,doi,2020,2010
146852,10.1002/14651858.cd006672.pub2,doi,2011,2010
85638,10.1002/14651858.cd009199.pub2,doi,2013,2011
101183,10.1002/14651858.cd009217,doi,2014,2012
557291,10.1002/2327-6924.12372,doi,2017,2016
38277,10.1002/9780470712184,doi,2019,2017
313424,10.1002/chem.200401081,doi,2005,2004
489563,10.1002/etc.3568,doi,2017,2016
284808,10.1002/ijc.32220,doi,2020,2019
244381,10.1002/jcc.21001,doi,2009,2008
531809,10.1002/jcp.25956,doi,2018,2017
580687,10.1002/jocb.73,doi,2016,2015
35490,10.1002/jsfa.10009,doi,2020,2019
175738,10.1002/jsfa.4571,doi,2012,2011
171698,10.1002/jsfa.4601,doi,2012,2011
278165,10.1002/lary.28017,doi,2020,2019
62075,10.1002/mas.21441,doi,2016,2015
124933,10.1002/nau.22402,doi,2014,2013
83939,10.1007/978-3-319-19425-7,doi,2015,2012
353735,10.1007/s00240-019-01132-2,doi,2020,2019
469230,10.1007/s00394-019-01916-7,doi,2020,2019
278161,10.1007/s00405-019-05567-6,doi,2020,2019
568859,10.1007/s10548-015-0450-6,doi,2019,2016
119362,10.1007/s11011-014-9546-z,doi,2015,2014
550526,10.1007/s11150-016-9335-z,doi,2018,2017
174795,10.1007/s11469-011-9318-5,doi,2012,2011
357932,10.1007/s11481-019-09848-z,doi,2020,2019
487627,10.1007/s12350-018-1415-4,doi,2020,2018
356784,10.1007/s40519-018-0490-5,doi,2020,2019
488197,10.1007/s40899-018-0255-3,doi,2019,2018
516625,10.1007/s43188-020-00040-7,doi,2021,2020
41620,10.1016/0044-8486(94)90048-5,doi,1996,1980
527799,10.1016/j.aap.2017.09.023,doi,2019,2018
487880,10.1016/j.aap.2017.10.014,doi,2019,2018
108124,10.1016/j.addr.2012.09.010,doi,2012,2009
277785,10.1016/j.ajem.2019.04.001,doi,2020,2019
47560,10.1016/j.aohep.2020.08.071,doi,2021,2020
68089,10.1016/j.arabjc.2012.11.014,doi,2017,2016
564456,10.1016/j.arabjc.2013.09.017,doi,2017,2016
424107,10.1016/j.arabjc.2015.03.011,doi,2019,2017
501233,10.1016/j.arabjc.2015.12.001,doi,2019,2018
185442,10.1016/j.arabjc.2016.05.014,doi,2019,2018
284440,10.1016/j.arabjc.2018.08.016,doi,2020,2019
39610,10.1016/j.bbi.2020.10.010,doi,2021,2020
37783,10.1016/j.biopha.2017.10.064,doi,2018,2017
488060,10.1016/j.cej.2018.07.179,doi,2019,2018
290870,10.1016/j.chroma.2007.01.073,doi,2007,2004
358958,10.1016/j.clnu.2019.01.001,doi,2020,2019
135016,10.1016/j.cub.2009.12.014,doi,2010,2003
487362,10.1016/j.foodchem.2017.12.075,doi,2019,2018
552702,10.1016/j.foodhyd.2016.12.028,doi,2018,2017
35864,10.1016/j.foodres.2011.04.026,doi,2013,2012
175080,10.1016/j.ijcard.2011.01.034,doi,2012,2011
42582,10.1016/j.jallcom.2020.157045,doi,2021,2020
501644,10.1016/j.jgr.2017.08.005,doi,2019,2018
557940,10.1016/j.jjcc.2016.02.015,doi,2017,2016
235322,10.1016/j.jsams.2007.10.004,doi,2009,2008
284597,10.1016/j.jvoice.2018.08.021,doi,2020,2019
40503,10.1016/j.lwt.2015.08.062,doi,2016,2015
276954,10.1016/j.lwt.2019.108595,doi,2020,2019
538004,10.1016/j.neuroimage.2017.04.045,doi,2018,2017
515059,10.1016/j.neuroscience.2019.12.021,doi,2021,2020
159094,10.1016/j.nut.2009.06.013,doi,2010,2009
524232,10.1016/j.pneurobio.2015.09.011,doi,2017,2016
493452,10.1016/j.scitotenv.2015.05.049,doi,2016,2015
538611,10.1016/j.semcancer.2017.04.015,doi,2018,2017
106805,10.1016/j.soc.2014.09.001,doi,2015,2011
94402,10.1016/j.ultsonch.2014.05.027,doi,2015,2014
415842,10.1016/s0140-6736(18)31310-2,doi,2018,2017
484684,10.1016/s0375-9601(97)00684-1,doi,1997,1944
489734,10.1017/s1368980018001246,doi,2019,2018
87688,10.1038/ijo.2014.124,doi,2015,2014
155251,10.1038/onc.2012.47,doi,2013,2012
52048,10.1038/s41380-018-0110-9,doi,2020,2018
277242,10.1055/s-0039-1688999,doi,2020,2019
468924,10.1080/00207454.2018.1495632,doi,2020,2019
538724,10.1080/00319104.2016.1233185,doi,2018,2017
127981,10.1080/00986445.2013.777901,doi,2014,2013
568719,10.1080/0144929x.2015.1070202,doi,2017,2016
535090,10.1080/1028415x.2017.1331952,doi,2018,2017
491187,10.1080/1028415x.2018.1436639,doi,2019,2018
465455,10.1080/1028415x.2018.1500124,doi,2020,2019
536929,10.1080/10298436.2017.1366766,doi,2019,2017
40696,10.1080/10406638.2018.1472111,doi,2020,2019
496193,10.1080/10408398.2017.1404442,doi,2019,2018
506140,10.1080/10408398.2017.1422110,doi,2019,2018
488376,10.1080/10408398.2018.1481012,doi,2019,2018
420411,10.1080/13813455.2018.1486428,doi,2020,2019
420372,10.1080/13813455.2018.1508238,doi,2020,2019
553722,10.1080/14786419.2017.1317774,doi,2018,2017
525096,10.1080/15402002.2018.1483368,doi,2019,2018
576051,10.1080/17425247.2016.1215301,doi,2017,2016
521503,10.1080/17461391.2020.1733670,doi,2021,2020
468489,10.1080/19390211.2018.1494660,doi,2020,2019
41485,10.1080/19390211.2018.1498963,doi,2020,2019
137822,10.1088/978-0-7503-1143-4ch1,doi,2015,2009
489293,10.1089/acm.2018.0309,doi,2019,2018
498227,10.1089/ars.2017.7172,doi,2019,2018
92596,10.1089/jmf.2013.0052,doi,2015,2014
468979,10.1093/abm/kaz018,doi,2020,2019
45411,10.1093/ibd/izaa097,doi,2021,2020
69798,10.1093/ije/dyp217,doi,2010,2009
222436,10.1097/fpc.0b013e32833d7b45,doi,2013,2010
277383,10.1097/jsm.0000000000000622,doi,2020,2019
491080,10.1111/1471-0528.15342,doi,2019,2018
542466,10.1111/ecc.12516,doi,2018,2017
503961,10.1111/ijpo.12015,doi,2016,2015
110322,10.1111/j.1095-8339.2009.00996.x,doi,2016,2014
149133,10.1111/j.1472-8206.2011.01018.x,doi,2013,2012
306315,10.1111/j.1479-8301.2002.tb00042.x,doi,2007,2005
167312,10.1111/j.1556-4029.2012.02285.x,doi,2013,2012
120828,10.1111/j.1600-0838.2012.01505.x,doi,2014,2013
92144,10.1111/jdv.12488,doi,2015,2014
530440,10.1113/jp274498,doi,2018,2017
530472,10.1113/jp274743,doi,2018,2017
530442,10.1113/jp275335,doi,2018,2017
156515,10.1136/archdischild-2011-300535,doi,2013,2012
504376,10.1136/bjsports-2017-097563,doi,2019,2018
461782,10.1136/bjsports-2018-099599,doi,2020,2019
192429,10.1136/bmjebm-2019-111180,doi,2021,2020
324074,10.1146/annurev-cellbio-101011-155718,doi,2012,1976
88614,10.1155/2012/510801,doi,2016,2014
94133,10.1177/0333102410381146,doi,2011,2010
505479,10.1177/0333102417739584,doi,2019,2018
38415,10.1177/0962280218773122,doi,2019,2018
489381,10.1177/1073191117701191,doi,2019,2018
489983,10.1177/1087054716684379,doi,2020,2018
357981,10.1177/1087054716685837,doi,2020,2019
529284,10.1177/1087054717690810,doi,2020,2018
569374,10.1177/1550059414563746,doi,2016,2015
49964,10.1249/mss.0b013e31822dc809,doi,2012,2011
93296,10.12691/nnr-4-2-5,doi,2017,2014
395397,10.1287/mksc.1070.0330,doi,2008,1998
487487,10.1519/jpt.0000000000000145,doi,2019,2018
487483,10.1519/jsc.0000000000001956,doi,2020,2018
487482,10.1519/jsc.0000000000002434,doi,2020,2018
487473,10.1519/jsc.0000000000002561,doi,2019,2018
465393,10.1519/jsc.0000000000002647,doi,2020,2019
417055,10.1519/jsc.0000000000002727,doi,2020,2019
194904,10.1520/c0033-03,doi,2015,2011
527123,10.15441/ceem.17.247,doi,2019,2018
583223,10.2174/1568026616999151013124913,doi,2016,2015
491406,10.2298/jsc180129047s,doi,2019,2018
478166,10.2458/v2i1.20166,doi,1994,1979
71018,10.2903/j.efsa.2016.4552,doi,2016,2015
506068,10.3109/09638288.2015.1095951,doi,2017,2016
92370,10.3109/15622975.2011.646302,doi,2014,2012
38095,10.3892/or.2018.6789,doi,2019,2018
66471,10.4135/9781412971874.n145,doi,2019,2018
419413,dingesd_2020_sleepna,string,2020,2019
403561,edmeadsj_1998_headachena,string,1998,1997
457527,forbesja_1991_advpainrestherna,string,1991,1990
403905,hollingworthhl_2012_archpsycholna,string,2012,1983
476021,jonesmgk_1978_jnematolna,string,1978,1977
210715,lipl_2001_amjphysiol-heartcna,string,2001,2000
478375,malyr_1981_monatshchemna,string,1981,1979
141062,nausfoodanddrugadministration_2014_japplpharmsci,string,2014,2013
484611,rochlederf_1947_liebigsannchemna,string,1947,1945
42856,rogerspj_2021_learnmotivna,string,2021,2020
203253,vavrovaj_2004_physiolresna,string,2004,2003
