era,year_start,year_end,n_years,is_complete,n_vertices,n_arcs,n_citing,n_cited,n_both_degree,n_arcs_article_to_article,mean_degree,min_year,max_year
1,1901,1907,7,TRUE,2,1,1,1,0,0,1,1902,1907
2,1908,1914,7,TRUE,13,9,5,9,1,0,1.385,1908,1914
3,1915,1921,7,TRUE,11,7,4,7,0,0,1.273,1915,1921
4,1922,1928,7,TRUE,40,31,10,30,0,0,1.55,1922,1928
5,1929,1935,7,TRUE,87,76,23,66,2,0,1.747,1929,1935
6,1936,1942,7,TRUE,45,38,10,36,1,0,1.689,1936,1942
7,1943,1949,7,TRUE,122,121,43,84,5,1,1.984,1943,1949
8,1950,1956,7,TRUE,145,149,39,115,9,9,2.055,1950,1956
9,1957,1963,7,TRUE,300,294,66,242,8,1,1.96,1957,1963
10,1964,1970,7,TRUE,1094,1464,192,948,46,45,2.676,1964,1970
11,1971,1977,7,TRUE,2629,3889,518,2290,179,309,2.959,1971,1977
12,1978,1984,7,TRUE,4268,6361,897,3668,297,348,2.981,1978,1984
13,1985,1991,7,TRUE,10479,15637,1627,9336,484,523,2.984,1985,1991
14,1992,1998,7,TRUE,27380,44575,4244,24481,1345,2039,3.256,1992,1998
15,1999,2005,7,TRUE,32848,49263,4626,29898,1676,2681,2.999,1999,2005
16,2006,2012,7,TRUE,45508,67081,5891,42133,2516,4970,2.948,2006,2012
17,2013,2019,7,TRUE,76070,113008,9080,71175,4185,10794,2.971,2013,2019
18,2020,2021,2,FALSE,3001,2598,856,2250,105,53,1.731,2020,2021
