sender_era,target_era,n_arcs
1,1,1
2,1,9
2,2,9
2,NA,4
3,1,1
3,2,11
3,3,7
3,NA,3
4,1,1
4,2,19
4,3,16
4,4,31
4,NA,2
5,1,10
5,2,30
5,3,37
5,4,72
5,5,76
5,NA,7
6,1,3
6,2,8
6,3,11
6,4,20
6,5,55
6,6,38
6,NA,2
7,1,4
7,2,9
7,3,19
7,4,34
7,5,66
7,6,124
7,7,121
7,14,1
7,NA,10
8,2,4
8,3,13
8,4,11
8,5,24
8,6,36
8,7,118
8,8,149
8,NA,3
9,1,5
9,2,11
9,3,10
9,4,7
9,5,32
9,6,50
9,7,100
9,8,261
9,9,294
9,NA,8
10,1,2
10,2,18
10,3,3
10,4,14
10,5,34
10,6,48
10,7,126
10,8,322
10,9,1038
10,10,1464
10,NA,1
11,1,5
11,2,14
11,3,13
11,4,15
11,5,34
11,6,62
11,7,151
11,8,430
11,9,1103
11,10,4119
11,11,3889
11,12,1
11,16,1
11,NA,12
12,1,3
12,2,29
12,3,24
12,4,19
12,5,54
12,6,85
12,7,146
12,8,422
12,9,949
12,10,3006
12,11,8295
12,12,6361
12,14,2
12,16,2
12,NA,16
13,1,13
13,2,43
13,3,23
13,4,31
13,5,86
13,6,102
13,7,168
13,8,412
13,9,982
13,10,2577
13,11,6504
13,12,17808
13,13,15637
13,16,1
13,NA,10
14,1,16
14,2,47
14,3,30
14,4,58
14,5,124
14,6,138
14,7,283
14,8,753
14,9,1498
14,10,3629
14,11,9134
14,12,24692
14,13,69074
14,14,44575
14,16,3
14,NA,22
15,1,11
15,2,22
15,3,20
15,4,49
15,5,93
15,6,109
15,7,185
15,8,558
15,9,999
15,10,2423
15,11,5545
15,12,13921
15,13,35780
15,14,82345
15,15,49263
15,16,12
15,NA,25
16,1,33
16,2,27
16,3,50
16,4,39
16,5,128
16,6,125
16,7,221
16,8,472
16,9,934
16,10,1911
16,11,3894
16,12,9477
16,13,20760
16,14,48226
16,15,107959
16,16,67081
16,17,15
16,18,1
16,NA,68
17,1,59
17,2,63
17,3,73
17,4,73
17,5,160
17,6,170
17,7,281
17,8,625
17,9,1163
17,10,2044
17,11,4222
17,12,8838
17,13,17606
17,14,36841
17,15,93121
17,16,175091
17,17,113008
17,18,60
17,NA,172
18,1,18
18,2,3
18,3,19
18,4,12
18,5,25
18,6,34
18,7,51
18,8,99
18,9,193
18,10,287
18,11,599
18,12,1418
18,13,2524
18,14,5018
18,15,12796
18,16,25735
18,17,47560
18,18,2598
18,NA,36
