era,year_start,year_end,n_years,is_complete,n_arcs,n_within,n_backward,n_forward,n_target_undated,pct_within,pct_backward,pct_forward,mean_era_lag
1,1901,1907,7,TRUE,1,1,0,0,0,100,0,0,NA
2,1908,1914,7,TRUE,22,9,9,0,4,40.91,40.91,0,1
3,1915,1921,7,TRUE,22,7,12,0,3,31.82,54.55,0,1.083
4,1922,1928,7,TRUE,69,31,36,0,2,44.93,52.17,0,1.583
5,1929,1935,7,TRUE,232,76,149,0,7,32.76,64.22,0,1.852
6,1936,1942,7,TRUE,137,38,97,0,2,27.74,70.8,0,1.804
7,1943,1949,7,TRUE,388,121,256,1,10,31.19,65.98,0.26,1.965
8,1950,1956,7,TRUE,358,149,206,0,3,41.62,57.54,0,1.917
9,1957,1963,7,TRUE,778,294,476,0,8,37.79,61.18,0,1.998
10,1964,1970,7,TRUE,3070,1464,1605,0,1,47.69,52.28,0,1.675
11,1971,1977,7,TRUE,9849,3889,5946,2,12,39.49,60.37,0.02,1.533
12,1978,1984,7,TRUE,19413,6361,13032,4,16,32.77,67.13,0.02,1.623
13,1985,1991,7,TRUE,44397,15637,28749,1,10,35.22,64.75,0,1.673
14,1992,1998,7,TRUE,154076,44575,109476,3,22,28.93,71.05,0,1.628
15,1999,2005,7,TRUE,191360,49263,142060,12,25,25.74,74.24,0.01,1.721
16,2006,2012,7,TRUE,261421,67081,194256,16,68,25.66,74.31,0.01,1.815
17,2013,2019,7,TRUE,453670,113008,340430,60,172,24.91,75.04,0.01,1.914
18,2020,2021,2,FALSE,99025,2598,96391,0,36,2.62,97.34,0,1.97
