era,year_start,year_end,n_years,is_complete,n_arcs_emitted,n_arcs_in_span,n_cited_before_start,n_cited_after_end,n_cited_year_missing,pct_in_span,pct_outside
1,1901,1907,7,TRUE,1,1,0,0,0,100,0
2,1908,1914,7,TRUE,22,9,13,0,0,40.91,59.09
3,1915,1921,7,TRUE,22,7,15,0,0,31.82,68.18
4,1922,1928,7,TRUE,69,31,38,0,0,44.93,55.07
5,1929,1935,7,TRUE,232,76,156,0,0,32.76,67.24
6,1936,1942,7,TRUE,137,38,99,0,0,27.74,72.26
7,1943,1949,7,TRUE,388,121,266,1,0,31.19,68.81
8,1950,1956,7,TRUE,358,149,209,0,0,41.62,58.38
9,1957,1963,7,TRUE,778,294,484,0,0,37.79,62.21
10,1964,1970,7,TRUE,3070,1464,1606,0,0,47.69,52.31
11,1971,1977,7,TRUE,9849,3889,5958,2,0,39.49,60.51
12,1978,1984,7,TRUE,19413,6361,13047,4,1,32.77,67.23
13,1985,1991,7,TRUE,44397,15637,28758,1,1,35.22,64.78
14,1992,1998,7,TRUE,154076,44575,109498,3,0,28.93,71.07
15,1999,2005,7,TRUE,191360,49263,142085,12,0,25.74,74.26
16,2006,2012,7,TRUE,261421,67081,194304,16,20,25.66,74.34
17,2013,2019,7,TRUE,453670,113008,340540,60,62,24.91,75.09
18,2020,2021,2,FALSE,99025,2598,96410,0,17,2.62,97.38
